Timestamp,H2,He,lat,lon,heading,speed
2024-11-26 09:00:00+00:00,,,59.1087302,9.696868782352944,191.9,24.57
2024-11-26 09:00:01+00:00,,,59.10852223888888,9.696783494444446,189.8,24.6
2024-11-26 09:00:02+00:00,,,59.10830803333334,9.696711194444443,187.1,24.39
2024-11-26 09:00:03+00:00,,,59.10808926315789,9.696658410526314,184.2,24.01
2024-11-26 09:00:04+00:00,,,59.10787193888888,9.696626966666669,181.7,23.79
2024-11-26 09:00:05+00:00,,,59.10766169444446,9.696614566666668,179.0,23.61
2024-11-26 09:00:06+00:00,,,59.10745355,9.696621861111112,176.3,23.36
2024-11-26 09:00:07+00:00,,,59.10724839444444,9.696647455555556,173.8,23.06
2024-11-26 09:00:08+00:00,,,59.10704036315791,9.69669112631579,172.8,22.79
2024-11-26 09:00:09+00:00,,,59.106836894444456,9.69674142777778,173.2,22.41
2024-11-26 09:00:10+00:00,,,59.10664111111113,9.696787172222225,174.0,22.3
2024-11-26 09:00:11+00:00,,,59.10644432777777,9.696827283333334,175.0,22.39
2024-11-26 09:00:12+00:00,,,59.10624532222222,9.69686097777778,176.9,22.55
2024-11-26 09:00:13+00:00,,,59.106039021052624,9.696883010526314,179.7,22.68
2024-11-26 09:00:14+00:00,,,59.1058328388889,9.696885355555557,183.5,22.52
2024-11-26 09:00:15+00:00,,,59.10563787222222,9.696861916666668,187.2,21.95
2024-11-26 09:00:16+00:00,,,59.10544740555555,9.696815344444444,190.8,21.63
2024-11-26 09:00:17+00:00,,,59.105262822222215,9.696746994444444,193.4,21.22
2024-11-26 09:00:18+00:00,,,59.10507539999998,9.696659968421054,196.0,21.16
2024-11-26 09:00:19+00:00,,,59.10488889999999,9.696555505555558,198.8,21.04
2024-11-26 09:00:20+00:00,,,59.10471601764706,9.696440641176473,201.0,21.0
2024-11-26 09:00:21+00:00,,,59.10454020526315,9.696309426315787,203.7,21.19
2024-11-26 09:00:22+00:00,,,59.10436082222222,9.696156405555556,206.9,21.42
2024-11-26 09:00:23+00:00,,,59.104186426315785,9.695984131578946,209.1,21.48
2024-11-26 09:00:24+00:00,,,59.10401541666667,9.695798516666663,211.1,21.52
2024-11-26 09:00:25+00:00,,,59.10385653529412,9.695611735294117,213.3,21.58
2024-11-26 09:00:26+00:00,,,59.10370266111112,9.695415083333334,215.0,21.37
2024-11-26 09:00:27+00:00,,,59.10354516315789,9.69520065263158,216.3,21.07
2024-11-26 09:00:28+00:00,,,59.10338671578947,9.694973884210526,218.3,21.04
2024-11-26 09:00:29+00:00,,,59.10323773888888,9.694744355555557,220.5,20.82
2024-11-26 09:00:30+00:00,,,59.10310264117648,9.69451968235294,223.0,20.69
2024-11-26 09:00:31+00:00,,,59.10297311666667,9.69428418888889,225.5,20.7
2024-11-26 09:00:32+00:00,,,59.10284051578948,9.694021631578943,227.9,20.77
2024-11-26 09:00:33+00:00,,,59.10271178947369,9.693744021052629,229.4,20.5
2024-11-26 09:00:34+00:00,,,59.10259040555555,9.693468666666668,230.0,20.46
2024-11-26 09:00:35+00:00,,,59.102478747058825,9.693209105882357,231.7,20.12
2024-11-26 09:00:36+00:00,,,59.10237385555556,9.69295082777778,232.8,19.64
2024-11-26 09:00:37+00:00,,,59.10227050555554,9.692685405555556,233.8,19.02
2024-11-26 09:00:38+00:00,,,59.10216682,9.6924096,235.4,18.54
2024-11-26 09:00:39+00:00,,,59.102069138888886,9.692134094444445,236.5,18.35
2024-11-26 09:00:40+00:00,,,59.10198228235294,9.69187832352941,238.0,18.27
2024-11-26 09:00:41+00:00,,,59.10189858333334,9.69161763888889,240.9,18.16
2024-11-26 09:00:42+00:00,,,59.10182146666668,9.691347666666667,245.7,17.79
2024-11-26 09:00:43+00:00,,,59.10175451000001,9.691058334999996,249.8,17.42
2024-11-26 09:00:44+00:00,,,59.10169947777778,9.690766627777776,252.7,17.15
2024-11-26 09:00:45+00:00,,,59.1016557,9.690493623529411,253.7,17.16
2024-11-26 09:00:46+00:00,,,59.10161475555555,9.6902209,253.3,17.0
2024-11-26 09:00:47+00:00,,,59.10157232777778,9.689944933333331,253.5,16.68
2024-11-26 09:00:48+00:00,,,59.10152964210526,9.689664231578949,251.2,16.29
2024-11-26 09:00:49+00:00,,,59.10148316666667,9.68939817777778,244.7,15.48
2024-11-26 09:00:50+00:00,,,59.10142662222224,9.68916575,236.7,14.56
2024-11-26 09:00:51+00:00,,,59.10135673888889,9.688958405555557,231.2,14.03
2024-11-26 09:00:52+00:00,,,59.1012799,9.68877243888889,220.4,13.34
2024-11-26 09:00:53+00:00,,,59.10118557894736,9.68861629473684,221.0,13.06
2024-11-26 09:00:54+00:00,,,59.10109188421052,9.688457447368425,223.6,13.27
2024-11-26 09:00:55+00:00,,,59.10100764705883,9.688301135294116,193.5,13.04
2024-11-26 09:00:56+00:00,,,59.10088557777778,9.688244183333332,192.2,13.15
2024-11-26 09:00:57+00:00,,,59.10077315555554,9.68819675,189.7,12.64
2024-11-26 09:00:58+00:00,,,59.100665773684206,9.68816089473684,185.6,11.79
2024-11-26 09:00:59+00:00,,,59.10056266111111,9.68814122222222,183.4,11.18
2024-11-26 09:01:00+00:00,,,59.100463022222215,9.688129633333334,186.0,11.07
2024-11-26 09:01:01+00:00,,,59.100361555555565,9.688108727777776,193.6,11.36
2024-11-26 09:01:02+00:00,,,59.1002621,9.6880617,202.5,11.62
2024-11-26 09:01:03+00:00,,,59.100161357894734,9.687980578947366,211.8,12.26
2024-11-26 09:01:04+00:00,,,59.100063744444455,9.687862538888888,222.2,13.0
2024-11-26 09:01:05+00:00,,,59.09997965555554,9.687713805555555,228.6,13.18
2024-11-26 09:01:06+00:00,,,59.09990154444444,9.687541355555558,233.2,13.44
2024-11-26 09:01:07+00:00,,,59.09982839444445,9.687350988888888,236.0,13.88
2024-11-26 09:01:08+00:00,,,59.09975525789474,9.687140110526318,236.9,14.51
2024-11-26 09:01:09+00:00,,,59.09968104444445,9.68691822777778,238.0,14.87
2024-11-26 09:01:10+00:00,,,59.09961045555556,9.686698044444446,238.3,14.93
2024-11-26 09:01:11+00:00,,,59.09953990555554,9.686475638888888,235.0,14.95
2024-11-26 09:01:12+00:00,,,59.09946383333334,9.686264261111113,232.4,14.55
2024-11-26 09:01:13+00:00,,,59.09938452105264,9.68606364736842,225.7,14.12
2024-11-26 09:01:14+00:00,,,59.09929098333334,9.68587715,236.5,14.19
2024-11-26 09:01:15+00:00,,,59.09922591666667,9.685685483333334,231.7,13.13
2024-11-26 09:01:16+00:00,,,59.09915468333333,9.685509794444446,230.1,12.5
2024-11-26 09:01:17+00:00,,,59.099084427777775,9.685345894444444,230.2,12.13
2024-11-26 09:01:18+00:00,,,59.09901563333332,9.685185372222223,237.5,12.0
2024-11-26 09:01:19+00:00,,,59.09895784210526,9.68500897368421,251.3,11.85
2024-11-26 09:01:20+00:00,,,59.09892477058823,9.68481843529412,267.1,11.78
2024-11-26 09:01:21+00:00,,,59.09891957222222,9.684618244444442,279.9,12.02
2024-11-26 09:01:22+00:00,,,59.09893968947368,9.68439492631579,286.8,12.92
2024-11-26 09:01:23+00:00,,,59.09897641578949,9.684158189473685,287.4,13.88
2024-11-26 09:01:24+00:00,,,59.09901562222222,9.683913883333334,287.8,14.88
2024-11-26 09:01:25+00:00,,,59.099056394117646,9.68366592352941,288.2,15.93
2024-11-26 09:01:26+00:00,,,59.09910072222223,9.683403866666666,288.9,16.71
2024-11-26 09:01:27+00:00,,,59.09915089999999,9.68311784736842,289.6,17.09
2024-11-26 09:01:28+00:00,,,59.0992051263158,9.682821542105264,290.1,17.3
2024-11-26 09:01:29+00:00,,,59.09926021111111,9.682528388888889,290.0,17.65
2024-11-26 09:01:30+00:00,,,59.099312743750005,9.68224695,289.3,17.85
2024-11-26 09:01:31+00:00,,,59.099364127777775,9.68196108888889,288.5,17.74
2024-11-26 09:01:32+00:00,,,59.09941392222223,9.68167077777778,287.3,17.6
2024-11-26 09:01:33+00:00,,,59.099461594736844,9.681373331578948,285.8,17.53
2024-11-26 09:01:34+00:00,,,59.0995064,9.681065894736845,284.3,17.44
2024-11-26 09:01:35+00:00,,,59.09954454117647,9.680774423529412,283.6,17.36
2024-11-26 09:01:36+00:00,,,59.099579722222224,9.680491572222222,282.3,17.3
2024-11-26 09:01:37+00:00,,,59.0996121111111,9.680201766666668,281.6,17.12
2024-11-26 09:01:38+00:00,,,59.099643394736844,9.679905126315791,281.2,16.91
2024-11-26 09:01:39+00:00,,,59.099674463157896,9.679599905263157,279.8,16.8
2024-11-26 09:01:40+00:00,,,59.0996999117647,9.679313935294118,279.0,16.61
2024-11-26 09:01:41+00:00,,,59.09972236666666,9.679037527777778,278.7,16.56
2024-11-26 09:01:42+00:00,,,59.099744783333335,9.678753633333336,279.0,16.55
2024-11-26 09:01:43+00:00,,,59.09976822631578,9.678464468421051,279.9,16.33
2024-11-26 09:01:44+00:00,,,59.099794442105264,9.678171073684208,280.3,16.18
2024-11-26 09:01:45+00:00,,,59.09981985294117,9.677898788235291,282.1,15.95
2024-11-26 09:01:46+00:00,,,59.09984856111112,9.677638,284.5,15.78
2024-11-26 09:01:47+00:00,,,59.09988371666667,9.6773739,286.3,15.76
2024-11-26 09:01:48+00:00,,,59.0999224,9.677116255555552,288.5,15.42
2024-11-26 09:01:49+00:00,,,59.09996628421052,9.67686065263158,291.4,15.12
2024-11-26 09:01:50+00:00,,,59.10001589999999,9.676613666666666,294.0,14.86
2024-11-26 09:01:51+00:00,,,59.10006855555556,9.676383011111112,295.5,14.37
2024-11-26 09:01:52+00:00,,,59.10012222777779,9.676163905555557,297.1,13.89
2024-11-26 09:01:53+00:00,,,59.100177288888894,9.675954094444444,298.7,13.34
2024-11-26 09:01:54+00:00,,,59.10023441052632,9.675750578947367,300.9,12.63
2024-11-26 09:01:55+00:00,,,59.10029259444444,9.675561011111114,303.6,12.01
2024-11-26 09:01:56+00:00,,,59.10035096666666,9.675389955555554,303.8,11.53
2024-11-26 09:01:57+00:00,,,59.10040697222222,9.67522695,299.2,11.19
2024-11-26 09:01:58+00:00,,,59.10045453333333,9.675060983333331,295.4,10.9
2024-11-26 09:01:59+00:00,,,59.10049707894738,9.674886668421053,295.6,10.84
2024-11-26 09:02:00+00:00,,,59.1005406111111,9.6747096,295.8,11.02
2024-11-26 09:02:01+00:00,,,59.10058420555557,9.674534033333336,293.6,11.29
2024-11-26 09:02:02+00:00,,,59.10062483333333,9.674352566666666,289.2,11.42
2024-11-26 09:02:03+00:00,,,59.1006586888889,9.674163683333331,282.9,11.52
2024-11-26 09:02:04+00:00,,,59.10068227894735,9.673963536842107,277.9,11.63
2024-11-26 09:02:05+00:00,,,59.10069702777778,9.673757744444446,274.0,11.81
2024-11-26 09:02:06+00:00,,,59.10070451111111,9.6735519,272.8,11.92
2024-11-26 09:02:07+00:00,,,59.10070975555555,9.673346227777778,272.0,11.93
2024-11-26 09:02:08+00:00,,,59.10071357222221,9.673136711111113,273.4,12.07
2024-11-26 09:02:09+00:00,,,59.10072004736842,9.672922921052631,276.0,11.95
2024-11-26 09:02:10+00:00,,,59.10073151111111,9.67271195,278.7,12.01
2024-11-26 09:02:11+00:00,,,59.10074791111111,9.672502344444446,282.4,12.39
2024-11-26 09:02:12+00:00,,,59.10077188888889,9.672289494444446,286.0,12.63
2024-11-26 09:02:13+00:00,,,59.100803710526336,9.67207384736842,289.4,12.58
2024-11-26 09:02:14+00:00,,,59.10084183888888,9.671862783333331,293.3,12.6
2024-11-26 09:02:15+00:00,,,59.10088523529412,9.6716667,296.8,12.72
2024-11-26 09:02:16+00:00,,,59.10093569444445,9.67147176111111,299.9,13.01
2024-11-26 09:02:17+00:00,,,59.100996163157895,9.67126695789474,300.1,13.23
2024-11-26 09:02:18+00:00,,,59.10105677222224,9.671062966666668,297.2,13.09
2024-11-26 09:02:19+00:00,,,59.10111120000001,9.670856473684212,294.1,12.65
2024-11-26 09:02:20+00:00,,,59.10115901111111,9.670648722222223,296.0,12.48
2024-11-26 09:02:21+00:00,,,59.10120832222222,9.6704521,296.7,12.63
2024-11-26 09:02:22+00:00,,,59.10125950555557,9.670254261111111,296.2,12.71
2024-11-26 09:02:23+00:00,,,59.10130955555557,9.670056116666666,296.3,12.77
2024-11-26 09:02:24+00:00,,,59.10136128421052,9.669851984210524,296.0,12.72
2024-11-26 09:02:25+00:00,,,59.10141177777778,9.669650155555557,295.6,12.38
2024-11-26 09:02:26+00:00,,,59.101456852941176,9.669467170588234,301.0,11.97
2024-11-26 09:02:27+00:00,,,59.10150767777778,9.669302555555554,296.8,11.28
2024-11-26 09:02:28+00:00,,,59.101552694736846,9.669128910526313,299.6,10.53
2024-11-26 09:02:29+00:00,,,59.10159864736843,9.66897117368421,309.3,9.32
2024-11-26 09:02:30+00:00,,,59.10164894705882,9.668851594117646,322.9,8.52
2024-11-26 09:02:31+00:00,,,59.10170937647059,9.668762547058822,336.0,8.76
2024-11-26 09:02:32+00:00,,,59.10178584999999,9.668696216666664,348.8,9.4
2024-11-26 09:02:33+00:00,,,59.10187436315791,9.668661968421054,1.0,9.82
2024-11-26 09:02:34+00:00,,,59.101969963157885,9.668665131578948,3.9,10.26
2024-11-26 09:02:35+00:00,,,59.10206663529413,9.668678023529411,359.7,11.04
2024-11-26 09:02:36+00:00,,,59.10215968333333,9.668677222222222,349.7,10.81
2024-11-26 09:02:37+00:00,,,59.10225182777778,9.668644583333334,337.7,10.64
2024-11-26 09:02:38+00:00,,,59.10233976666666,9.668574377777777,323.9,10.76
2024-11-26 09:02:39+00:00,,,59.10242023000001,9.66846024,312.4,10.83
2024-11-26 09:02:40+00:00,,,59.1024875,9.668316729411766,301.4,11.16
2024-11-26 09:02:41+00:00,,,59.102539138888886,9.668152205555556,290.6,11.7
2024-11-26 09:02:42+00:00,,,59.102577477777785,9.667953427777777,285.3,12.48
2024-11-26 09:02:43+00:00,,,59.10260837222222,9.66773367777778,283.1,13.36
2024-11-26 09:02:44+00:00,,,59.1026371,9.66749240526316,282.8,14.09
2024-11-26 09:02:45+00:00,,,59.10266628333333,9.667241705555556,281.9,14.47
2024-11-26 09:02:46+00:00,,,59.10269302222222,9.66699547222222,281.0,14.45
2024-11-26 09:02:47+00:00,,,59.102717488888885,9.66675063888889,280.2,14.34
2024-11-26 09:02:48+00:00,,,59.102740044444445,9.666507544444446,279.7,14.22
2024-11-26 09:02:49+00:00,,,59.1027618,9.666258773684213,279.8,14.2
2024-11-26 09:02:50+00:00,,,59.102784515789466,9.666001631578949,280.2,14.23
2024-11-26 09:02:51+00:00,,,59.10280692352942,9.665757952941178,280.8,14.3
2024-11-26 09:02:52+00:00,,,59.10283036111111,9.665519616666666,283.7,14.47
2024-11-26 09:02:53+00:00,,,59.10286090555556,9.665275433333331,286.3,14.59
2024-11-26 09:02:54+00:00,,,59.102898384210505,9.66502602105263,289.5,14.62
2024-11-26 09:02:55+00:00,,,59.10294391578948,9.664775810526317,293.5,14.53
2024-11-26 09:02:56+00:00,,,59.10299499411764,9.664547464705883,297.9,14.37
2024-11-26 09:02:57+00:00,,,59.10305347222221,9.664332799999997,301.8,14.3
2024-11-26 09:02:58+00:00,,,59.103119794444446,9.664124316666664,305.5,14.13
2024-11-26 09:02:59+00:00,,,59.10319453157894,9.663919931578947,308.5,14.08
2024-11-26 09:03:00+00:00,,,59.10327433888889,9.66372465,312.2,14.02
2024-11-26 09:03:01+00:00,,,59.10335832222222,9.663544205555556,315.3,14.07
2024-11-26 09:03:02+00:00,,,59.10344814444446,9.663371033333334,319.0,14.13
2024-11-26 09:03:03+00:00,,,59.10354547222222,9.6632061,318.9,14.49
2024-11-26 09:03:04+00:00,,,59.10364437894738,9.663038242105264,318.4,14.42
2024-11-26 09:03:05+00:00,,,59.10374109999999,9.66287103888889,319.3,14.31
2024-11-26 09:03:06+00:00,,,59.10383606666667,9.6627119,320.2,14.28
2024-11-26 09:03:07+00:00,,,59.10393297777777,9.662554844444443,320.0,14.27
2024-11-26 09:03:08+00:00,,,59.10402958888889,9.662396905555552,320.3,14.3
2024-11-26 09:03:09+00:00,,,59.10412864210527,9.662237005263158,321.0,14.22
2024-11-26 09:03:10+00:00,,,59.104227583333326,9.66208123888889,322.0,14.09
2024-11-26 09:03:11+00:00,,,59.10432437222224,9.66193372222222,321.6,14.02
2024-11-26 09:03:12+00:00,,,59.10442103888889,9.66178441111111,320.8,14.02
2024-11-26 09:03:13+00:00,,,59.10451568333334,9.66163418888889,320.8,13.77
2024-11-26 09:03:14+00:00,,,59.104610415789466,9.661483457894736,320.9,13.5
2024-11-26 09:03:15+00:00,,,59.10470439444445,9.661334788888889,320.3,13.34
2024-11-26 09:03:16+00:00,,,59.10479398333333,9.66118988888889,319.1,13.05
2024-11-26 09:03:17+00:00,,,59.10488076111111,9.661043433333331,320.5,12.99
2024-11-26 09:03:18+00:00,,,59.104969099999984,9.660901577777777,321.2,12.76
2024-11-26 09:03:19+00:00,,,59.10505942631579,9.66076030526316,321.0,12.49
2024-11-26 09:03:20+00:00,,,59.10514888888888,9.660619038888887,321.6,12.22
2024-11-26 09:03:21+00:00,,,59.105232527777765,9.660489844444443,322.4,11.41
2024-11-26 09:03:22+00:00,,,59.10530560588236,9.66038040588235,322.9,10.19
2024-11-26 09:03:23+00:00,,,59.10537356842104,9.660280436842106,323.4,9.15
2024-11-26 09:03:24+00:00,,,59.105438584210525,9.660186505263155,323.9,8.36
2024-11-26 09:03:25+00:00,,,59.10549867777778,9.660101094444444,324.2,7.84
2024-11-26 09:03:26+00:00,,,59.10555363529412,9.660023964705882,325.0,7.47
2024-11-26 09:03:27+00:00,,,59.1056065611111,9.659951783333334,327.2,7.03
2024-11-26 09:03:28+00:00,,,59.10566171052631,9.659882631578943,329.7,6.63
2024-11-26 09:03:29+00:00,,,59.105718057894734,9.659818442105262,335.6,6.71
2024-11-26 09:03:30+00:00,,,59.1057774,9.65976595,342.8,6.78
2024-11-26 09:03:31+00:00,,,59.10583606470588,9.659730623529413,343.6,6.9
2024-11-26 09:03:32+00:00,,,59.10589537777778,9.659696588888886,338.4,7.09
2024-11-26 09:03:33+00:00,,,59.105954811111104,9.659650805555556,324.7,7.29
2024-11-26 09:03:34+00:00,,,59.10600986315789,9.65957475263158,310.6,7.59
2024-11-26 09:03:35+00:00,,,59.10605779473685,9.65946589473684,309.2,8.1
2024-11-26 09:03:36+00:00,,,59.10610482941178,9.659353429411768,315.5,8.43
2024-11-26 09:03:37+00:00,,,59.106158488888894,9.659250688888893,322.5,8.65
2024-11-26 09:03:38+00:00,,,59.10622098333334,9.659157205555555,325.8,8.72
2024-11-26 09:03:39+00:00,,,59.10628794736842,9.659068721052632,327.2,8.78
2024-11-26 09:03:40+00:00,,,59.106360378947365,9.65897782631579,327.4,9.23
2024-11-26 09:03:41+00:00,,,59.106432482352936,9.658888011764708,325.7,9.75
2024-11-26 09:03:42+00:00,,,59.10650282777778,9.658794716666668,326.7,9.97
2024-11-26 09:03:43+00:00,,,59.106576244444426,9.658700755555556,328.3,9.98
2024-11-26 09:03:44+00:00,,,59.10665672105263,9.658603836842106,329.0,10.44
2024-11-26 09:03:45+00:00,,,59.10674451052632,9.65850102631579,330.6,10.91
2024-11-26 09:03:46+00:00,,,59.10683330588235,9.658403417647058,332.2,11.18
2024-11-26 09:03:47+00:00,,,59.1069221611111,9.658312294444446,332.6,11.39
2024-11-26 09:03:48+00:00,,,59.10700943888888,9.658224333333331,332.7,10.81
2024-11-26 09:03:49+00:00,,,59.1070981,9.658135042105265,333.9,11.01
2024-11-26 09:03:50+00:00,,,59.1071958,9.658041715789476,332.7,11.25
2024-11-26 09:03:51+00:00,,,59.10728734117647,9.657949564705882,334.1,11.45
2024-11-26 09:03:52+00:00,,,59.10737718333332,9.657864694444443,335.0,11.31
2024-11-26 09:03:53+00:00,,,59.10746829444444,9.657782072222224,335.2,11.19
2024-11-26 09:03:54+00:00,,,59.10755648421052,9.657702610526314,334.5,10.85
2024-11-26 09:03:55+00:00,,,59.1076443,9.657621177777775,335.4,10.6
2024-11-26 09:03:56+00:00,,,59.10773196111112,9.657543066666666,335.8,10.55
2024-11-26 09:03:57+00:00,,,59.10782097777779,9.657465144444444,336.2,10.82
2024-11-26 09:03:58+00:00,,,59.10791287222222,9.657386155555557,336.5,11.02
2024-11-26 09:03:59+00:00,,,59.10800858421052,9.657305105263156,336.3,11.18
2024-11-26 09:04:00+00:00,,,59.10810265555555,9.657224644444446,336.4,11.22
2024-11-26 09:04:01+00:00,,,59.10819435,9.657146527777776,336.5,11.1
2024-11-26 09:04:02+00:00,,,59.10828550555557,9.65706936111111,336.9,10.92
2024-11-26 09:04:03+00:00,,,59.10837649444446,9.656993616666666,337.1,10.72
2024-11-26 09:04:04+00:00,,,59.108466272222216,9.65691973888889,337.0,10.49
2024-11-26 09:04:05+00:00,,,59.10855594210527,9.656845563157896,337.4,10.2
2024-11-26 09:04:06+00:00,,,59.10864588888889,9.656772733333334,337.2,10.18
2024-11-26 09:04:07+00:00,,,59.108733761111125,9.656700955555555,337.2,10.45
2024-11-26 09:04:08+00:00,,,59.108826326315786,9.656625121052633,336.7,10.88
2024-11-26 09:04:09+00:00,,,59.10891888235294,9.656547470588237,337.0,11.05
2024-11-26 09:04:10+00:00,,,59.10901306111111,9.656469505555556,337.2,11.36
2024-11-26 09:04:11+00:00,,,59.10910845555556,9.656391394444444,336.8,11.45
2024-11-26 09:04:12+00:00,,,59.10920261666666,9.656312772222222,337.5,11.31
2024-11-26 09:04:13+00:00,,,59.10929714444445,9.656236327777778,337.3,11.21
2024-11-26 09:04:14+00:00,,,59.109392968421055,9.656158242105263,336.2,11.23
2024-11-26 09:04:15+00:00,,,59.10948911666666,9.656075622222222,334.8,11.46
2024-11-26 09:04:16+00:00,,,59.10958411666666,9.655988561111112,334.6,11.71
2024-11-26 09:04:17+00:00,,,59.10967831176471,9.65590134117647,334.5,11.94
2024-11-26 09:04:18+00:00,,,59.10977539473684,9.655811031578947,334.3,11.98
2024-11-26 09:04:19+00:00,,,59.109878300000005,9.655714573684213,334.4,11.99
2024-11-26 09:04:20+00:00,,,59.10998091111112,9.655618922222224,333.4,12.15
2024-11-26 09:04:21+00:00,,,59.11008027777777,9.655521916666665,333.0,12.38
2024-11-26 09:04:22+00:00,,,59.11017755294117,9.65542541764706,331.5,12.6
2024-11-26 09:04:23+00:00,,,59.11027757894737,9.655319815789476,331.2,12.84
2024-11-26 09:04:24+00:00,,,59.11038490000001,9.655204773684211,330.9,12.88
2024-11-26 09:04:25+00:00,,,59.11048847777777,9.655092427777776,330.6,12.84
2024-11-26 09:04:26+00:00,,,59.11058599411764,9.654985488235292,330.2,12.81
2024-11-26 09:04:27+00:00,,,59.11068257222222,9.654877966666668,330.1,12.82
2024-11-26 09:04:28+00:00,,,59.11078254444445,9.65476585,330.1,13.01
2024-11-26 09:04:29+00:00,,,59.11088637894736,9.654649515789473,329.9,13.05
2024-11-26 09:04:30+00:00,,,59.110993947368414,9.654527842105262,329.3,13.2
2024-11-26 09:04:31+00:00,,,59.11109562941176,9.654410429411762,328.9,13.16
2024-11-26 09:04:32+00:00,,,59.11119360555555,9.654295238888889,329.0,13.13
2024-11-26 09:04:33+00:00,,,59.11129565555555,9.654175827777776,328.9,13.29
2024-11-26 09:04:34+00:00,,,59.11140055789474,9.65405267368421,328.8,13.3
2024-11-26 09:04:35+00:00,,,59.11150946315789,9.653924173684208,329.1,13.41
2024-11-26 09:04:36+00:00,,,59.11161233529412,9.65380442352941,328.7,13.47
2024-11-26 09:04:37+00:00,,,59.11171268333333,9.653685494444444,329.7,13.52
2024-11-26 09:04:38+00:00,,,59.111816255555546,9.65356753888889,333.2,13.41
2024-11-26 09:04:39+00:00,,,59.11192303888889,9.653462422222225,338.9,13.33
2024-11-26 09:04:40+00:00,,,59.11203712631578,9.653376689473683,346.7,13.28
2024-11-26 09:04:41+00:00,,,59.11215707222222,9.6533213,354.1,13.47
2024-11-26 09:04:42+00:00,,,59.11227610555558,9.653297366666669,2.2,13.47
2024-11-26 09:04:43+00:00,,,59.112394255555536,9.653306316666669,9.1,13.43
2024-11-26 09:04:44+00:00,,,59.1125114,9.653342894444444,16.4,13.55
2024-11-26 09:04:45+00:00,,,59.11262858421054,9.653409989473682,20.7,13.62
2024-11-26 09:04:46+00:00,,,59.11274406666666,9.653495149999998,21.6,13.75
2024-11-26 09:04:47+00:00,,,59.11285796111112,9.653583172222223,19.2,13.8
2024-11-26 09:04:48+00:00,,,59.1129726,9.65366103888889,14.9,13.69
2024-11-26 09:04:49+00:00,,,59.11308904444444,9.6537214,10.4,13.69
2024-11-26 09:04:50+00:00,,,59.11321065789474,9.653764910526316,6.0,13.63
2024-11-26 09:04:51+00:00,,,59.113338757894745,9.653791142105264,1.9,13.67
2024-11-26 09:04:52+00:00,,,59.11345917647059,9.65379902352941,358.6,13.56
2024-11-26 09:04:53+00:00,,,59.11357678333334,9.653793311111112,355.2,13.4
2024-11-26 09:04:54+00:00,,,59.11369477222223,9.653774155555556,352.2,13.21
2024-11-26 09:04:55+00:00,,,59.1138142,9.653742468421052,350.6,13.08
2024-11-26 09:04:56+00:00,,,59.113934973684216,9.653703436842104,349.7,12.95
2024-11-26 09:04:57+00:00,,,59.114048864705886,9.653663011764706,349.0,13.08
2024-11-26 09:04:58+00:00,,,59.11416496111112,9.65361907222222,348.8,13.59
2024-11-26 09:04:59+00:00,,,59.11428819473685,9.653571478947368,348.5,13.49
2024-11-26 09:05:00+00:00,,,59.11441026111111,9.65352328888889,348.1,13.58
2024-11-26 09:05:01+00:00,,,59.11452870555556,9.65347455,346.0,13.49
2024-11-26 09:05:02+00:00,,,59.11464692777778,9.653416988888887,342.7,13.46
2024-11-26 09:05:03+00:00,,,59.11476216666668,9.65334697222222,338.2,13.32
2024-11-26 09:05:04+00:00,,,59.11487545789475,9.653258805263158,334.2,13.18
2024-11-26 09:05:05+00:00,,,59.11498387777778,9.653156838888886,328.8,12.84
2024-11-26 09:05:06+00:00,,,59.11508064444445,9.6530427,323.5,12.61
2024-11-26 09:05:07+00:00,,,59.1151710777778,9.652912572222224,320.6,12.72
2024-11-26 09:05:08+00:00,,,59.11525796111111,9.652773466666666,320.3,12.65
2024-11-26 09:05:09+00:00,,,59.11534366842104,9.652634805263158,320.7,11.84
2024-11-26 09:05:10+00:00,,,59.11542216111111,9.652509516666669,320.2,10.45
2024-11-26 09:05:11+00:00,,,59.11548835555555,9.652402194444448,320.1,9.11
2024-11-26 09:05:12+00:00,,,59.11554521764706,9.652309647058823,321.0,8.24
2024-11-26 09:05:13+00:00,,,59.11559742105264,9.652227299999998,321.5,7.32
2024-11-26 09:05:14+00:00,,,59.11564543888889,9.652152994444444,321.3,6.44
2024-11-26 09:05:15+00:00,,,59.11568630526315,9.652089205263158,321.2,5.38
2024-11-26 09:05:16+00:00,,,59.11572037222221,9.652035838888889,321.7,4.53
2024-11-26 09:05:17+00:00,,,59.11574977058824,9.651990629411769,322.1,4.05
2024-11-26 09:05:18+00:00,,,59.115775647368416,9.651951431578947,321.4,3.46
2024-11-26 09:05:19+00:00,,,59.11579562222222,9.651920355555552,322.6,2.52
2024-11-26 09:05:20+00:00,,,59.11580783684211,9.651902136842104,323.2,1.28
2024-11-26 09:05:21+00:00,,,59.115813117647065,9.65189443529412,309.4,0.51
2024-11-26 09:05:22+00:00,,,59.1158142,9.65189186470588,184.5,0.13
2024-11-26 09:05:23+00:00,,,59.11581215,9.651891549999998,188.4,0.16
2024-11-26 09:05:24+00:00,,,59.1158110368421,9.651891231578947,314.4,0.11
2024-11-26 09:05:25+00:00,,,59.11581242105264,9.651888473684211,315.0,0.34
2024-11-26 09:05:26+00:00,,,59.11581791666666,9.651877777777775,320.3,1.12
2024-11-26 09:05:27+00:00,,,59.11583211666667,9.651854799999995,320.6,2.39
2024-11-26 09:05:28+00:00,,,59.11585472941176,9.651818629411768,321.1,3.83
2024-11-26 09:05:29+00:00,,,59.11588841578947,9.65176560526316,321.7,5.25
2024-11-26 09:05:30+00:00,,,59.115931938888885,9.651698661111109,316.8,6.23
2024-11-26 09:05:31+00:00,,,59.11597567894737,9.651618568421052,297.9,6.61
2024-11-26 09:05:32+00:00,,,59.116002688235305,9.651519388235291,274.6,6.69
2024-11-26 09:05:33+00:00,,,59.11600732777778,9.651407538888888,254.3,6.76
2024-11-26 09:05:34+00:00,,,59.11599114444444,9.651295005555554,237.3,6.89
2024-11-26 09:05:35+00:00,,,59.115955142105264,9.651185857894738,232.5,7.54
2024-11-26 09:05:36+00:00,,,59.11590897894736,9.651068663157895,233.9,8.41
2024-11-26 09:05:37+00:00,,,59.11586299411765,9.650945964705883,235.4,9.02
2024-11-26 09:05:38+00:00,,,59.11581803888888,9.650819205555557,236.2,9.27
2024-11-26 09:05:39+00:00,,,59.11577161666667,9.650684066666663,235.8,9.62
2024-11-26 09:05:40+00:00,,,59.11572134210526,9.65053982631579,235.7,10.02
2024-11-26 09:05:41+00:00,,,59.1156674631579,9.650386157894737,235.0,10.35
2024-11-26 09:05:42+00:00,,,59.11561442352942,9.650238323529416,234.5,10.47
2024-11-26 09:05:43+00:00,,,59.115562200000014,9.650095488888889,234.0,10.4
2024-11-26 09:05:44+00:00,,,59.115508700000014,9.649952105555558,232.6,10.13
2024-11-26 09:05:45+00:00,,,59.1154534631579,9.64981159473684,231.4,9.91
2024-11-26 09:05:46+00:00,,,59.11539532105263,9.64966955263158,231.2,9.91
2024-11-26 09:05:47+00:00,,,59.115340929411765,9.649537770588235,230.7,9.55
2024-11-26 09:05:48+00:00,,,59.11528969444444,9.649415749999998,229.7,9.11
